Name,District,State,Address,Contact Number,Contact number 2,Location:latitude ,Location: longitude
Dispur Police Station,Kamrup Metropolitan,Assam,"Dispur police station, Infront of, Gopal Bodo Higher Secondary School, Dr RP Rd, Ganeshguri, Guwahati, Assam 781006",9435027424,,26.1475119342436,91.7857780194708
Panbazar Police Station,Kamrup Metropolitan,Assam,"5PMR+W9P, Pan Bazaar, Guwahati, Assam 781001",3612540106,9435208307,26.1848412605480,91.7409387970270
Bharalumukh Police Station,Kamrup Metropolitan,Assam,"535, Assam Trunk Rd, Devagiri, Near State Bank Of India, Assam Trunk Rd, Devagiri, Near State Bank Of India, Bharalumukh, Guwahati, Assam 781009",9435203047,,26.1732220140292,91.7298320876756
Basistha Police Station,Kamrup Metropolitan,Assam,"4Q6V+WX6, Basistha Rd, Charali, Kundil Nagar, Guwahati, Assam 781029",3612302158,9435089137,26.1122983627856,91.7950406962232
Hatigaon Police Station,Kamrup Metropolitan,Assam,"4QGP+JPF, Hatigaon - Beltola Sanjogi Path, Hatigaon, Guwahati, Assam 781038",3612450555,9435123487,26.1265745318966,91.7867925738142
Khetri Police Station,Kamrup Metropolitan,Assam,"NH 37, Aujuri No 3, Sonapur, Kamrup Metropolitan District, Assam, 782403",9101924780,9435401343,26.1141740419545,92.0819880824143
Bhangagarh Police Station,Kamrup Metropolitan,Assam,"5Q59+WW7 G.M.C.H. Complex, Bhangagarh, Guwahati, Assam 781032",3612461756,7002310658,26.1605292714606,91.7679200529974
Chandmari Police Station,Kamrup Metropolitan,Assam,"6C, Maniram Dewan Rd, Chandmari Colony, Nizarpar, Krishna Nagar, Chandmari, Guwahati, Assam 781003",8133005500,,26.1850733187080,91.7710241722677
Noonmati Police Station,Kamrup Metropolitan,Assam,"5RM3+G6Q Shiv Mandir, Maniram Dewan Rd, Sector 2, Jayanta Nagar, Noonmati, Guwahati, Assam 781020",3612550281,7575975381,26.1838474753636,91.8030844157414
Geetanagar Police Station,Kamrup Metropolitan,Assam,"5QFJ+39F, Mother Teresa Rd, Zoo Rd, Geeta Nagar, Narengi Tinali, Guwahati, Assam 781024",3612417323,9435108324,26.1727170988631,91.7809295793579
Paltan Bazar Police Station,Kamrup Metropolitan,Assam,"5QJ2+FC2, Assam Trunk Rd, Paltan Bazaar, Guwahati, Assam 781008",3612540126,7002530174,26.1811628494740,91.7510297487294
Latasil Police Station,Kamrup Metropolitan,Assam,"F Bora Road, Digholi Pukhuri, Guwahati, Assam, 781001",3612540136,9435121113,26.1899936713353,91.7522188989289
Jalukbari Police Station,Kamrup Metropolitan,Assam,"5M5W+RCX, Maligaon Chariali, Maligaon, Guwahati, Assam 781012",3612570522,9435152338,26.1596374067427,91.6961122597696
Fatasil Ambari Police Station,Kamrup Metropolitan,Assam,"5P5Q+VR9 Sri Laxmi Narayan Mandir, Fayal Ahmed Rd, Binowa Nagar, Kala Pahar, Guwahati, Assam 781018",3612471412,9435010746,26.1596760531336,91.7395979390536
Azara Police Station,Kamrup Metropolitan,Assam,"4J87+CVH, Azara, Guwahati, Mikir Para Chakardoi, Assam 781017",9435286275,,26.1160731655763,91.6147346256739
Gorchuk Police Station,Kamrup Metropolitan,Assam,"4P85+CXG, NH 27, GARCHUK, Guwahati, Assam 781035",3612270151,9864125719,26.1160702946198,91.7099554449615
Satgaon Police Station,Kamrup Metropolitan,Assam,"5R8J+23C, Satgaon Main Road, Sonai Mikir Path, Satgaon, Guwahati, Assam 781171",3612642018,9435117358,26.1650738249478,91.8300758525944
Sonapur Police Station,Kamrup Metropolitan,Assam,"4X99+7RV, Sonapur Bazar Rd, Rewa N.C., Assam 782402",9678358240,,26.1182635228116,91.9695562856730
Silchar Sadar Police Station,Cachar,Assam,"Fatak Bazaar Road, Kanakpur, Fatak Bazaar, Silchar, Assam, 788001",3842246279,7896817123,24.8231595283860,92.8018097205818
Lakhipur Police Station,Cachar,Assam,"Lakhipur Police Station, Silchar - Hailakandi Road, Lakhipur, Cachar, Assam, 788116",3841287425,9435178641,24.7922342843443,93.0028179109552
Udharbond police station,Cachar,Assam,"Durga Nagar Part 5, Udharbond, Cachar, Assam,788030",3841281424,8753929399,24.8802957555498,92.8813079732317
Katigorah Police Station,Cachar,Assam,"Katigorh Point 3, Niz Katigorah Pt 3, Assam, 788805",3842268175,9401751167,24.8764952541921,92.5747447490467
BORKHOLA Police Station,Cachar,Assam,"Chesri, Borkhola Bazaar, Silchar, Cachar District, Assam, 788110",7002630182,,24.9284636911125,92.7468854584481
Dholai Police Station,Cachar,Assam,"Dholai Bazar, Sadagram, Sonai, Cachar District, Assam, 788114",9706059119,,24.5896220524403,92.8398044139692
Sonai Police Station,Cachar,Assam,"CA MD 1, Sonai, Cachar District, Assam, 788119",3842274424,9435070900,24.7343765372516,92.8905889876493
Jirighat Police Station,Cachar,Assam,"NH 37, Lakhipur, Cachar District, Assam, 788104",9435151966,,24.8085249571739,93.1075465449321
Joypur Police Station,Cachar,Assam,"Joypur Police Station, Cachar, 788107",7002191323,,24.8727021225056,93.0646383762522
Kachudaram Police Station,Cachar,Assam,"Dakshin Mohanpur Part 6, Sonai, Cachar District, Assam, 788119",9365178063,,24.6711816024098,92.9339797328686
Ghungur Police Station,Cachar,Assam,"Masimpur, Silchar, Assam 788014",9678746354,,24.7780608394657,92.7936186394494
Jorhat Sadar Police Station,Jorhat,Assam,"Q646+2G5, Mahatma Gandhi Rd, opp. Nokia Care, Atilagaon, Jorhat, Assam 785001",9435208307,,26.7550193922667,94.2113780073430
Pulibor Police Station,Jorhat,Assam,"Bhatemora Gaon, Jorhat, Assam, 785006",9954266730,,26.7115080000997,94.1252775901516
Mariani Police Station,Jorhat,Assam,"Mariani Main Road, Mariani, Assam, 785634",9954810373,,26.6537131079187,94.3190644171379
Teok Police Station,Jorhat,Assam," Assam Trunk Rd, Teok, Assam 785112",9954991479,,26.8313851067670,94.4158324923130
Titabor Police Station,Jorhat,Assam,"CT Road, Titabor Town, Assam, 785630",8638712592,,26.6027580033263,94.2054200807938
Borholla Police Station,Jorhat,Assam,"Titabor-Barhola-Nagabat Road, Borholla, Assam 785631",9401662306,,26.4516907355609,94.1345461363727
Bhogamukh Police Station,Jorhat,Assam,"Bhogamukh police station, Tamuli Gaon, Assam 785682",9435691905,,26.9142240369042,94.4784156830269
Pulibor Police Station,Jorhat,Assam,"Bhatemora Gaon, Jorhat, Assam, 785006",9954266730,,26.7115070028920,94.1252826762225
Nimati ghat police out post,Jorhat,Assam,"R6JV+JGH, Kumar Gaon, Assam 785101",9435215122,,26.8315625793387,94.2438616520155
Mangaldoi Police Station,Darrang,Assam,"C2PH+PR9, NH 15, Mangaldoi, Kowar Para, Assam 784125",9435012343,7002513378,26.4367687966364,92.0295939016819
sipajhar police station,Darrang,Assam,"9VRV+4H6, National Highway 52, Sipajhar, Assam 784145",9401488848,,26.3902997036956,91.8938918491744
Dalgaon Police Station,Darrang,Assam,"Dalgaon Jhakuapara Road, Dalgaon, Darrang,784116",9435012793,,26.5566878712744,92.2010019802678
Dhula Police Station,Darrang,Assam,"52, National Highway, No.2 Mazgaon, Assam 784146",9706040485,7002811474,26.4867731371097,92.0936362401319
Kharupetia Police Station,Darrang,Assam,"G5C3+XRP, Netaji Nagar Rd, Netaji Nagar, Kharupetia, Niz Kharupetia, Assam 784115",9957270727,,26.5224694765707,92.1545809844319
Shyampur Police Station,Darrang,Assam,"F6X8+3Q3, Assam 784115",8011425182,7002436119,26.4976486907545,92.2169358920885
Burha Police Outpost,Darrang,Assam,"FQ2Q+MFF, Balikuchi, Assam 784148",9401794357,7086181269,26.4516932933977,91.7886899906179
Sonari Police Station,Charaideo,Assam,"22G9+H9J, Dhodar Ali Rd, Sonari, Assam 785690",9435153037,,27.0264624357377,95.0184002529546
Mathurapur Police Station,Charaideo,Assam,"XWF5+PCW, No.101 F.S Grant, Assam 785689",7002200188,,26.9745602535419,94.9088921340703
Kakotibari Police Station,Charaideo,Assam,"32PH+5F4, Kakotibari, Bhojo, Assam 785691",7002721973,9435614323,27.0853967902561,95.0287065355728
Moranhat Police Station,Charaideo,Assam,"5WH7+53F, Kaalibaari, Moranhat Town, Moranhat, Assam 785670",9435413556,,27.1779505976326,94.9126546224951
Police Station Namtola,Charaideo,Assam,"X355+82C, Towkok Grant No.2, Assam 785690",7086844731,,26.9583107170287,95.0575344599956
Police Station Sapekhati,Charaideo,Assam,"35X6+9FC, Timon Bortani, Assam 785692",8638233944,,27.0984647559052,95.1611770576307
Charaipung Police station,Charaideo,Assam,"368Q+5W5, Charaipung No.2, Assam 785692",8011451679,,27.0654132383818,95.2398987555069
Borhat police station,Charaideo,Assam,"577M+C67, Nagakata Balamia, Assam 785693",8011426172,,27.1635814028063,95.2830374820492
Bongaigaon Police Station,Bongaigaon,Assam,"T R Phukan Road, North Bongaigaon, Bongaigaon - 783380",9678592900,,26.4763583101392,90.5649123681225
Manikpur Police Station,Bongaigaon,Assam,"Borbila, Manikpur, Bongaigaon, Assam, 783392",3668264320,9435326769,26.4729564281199,90.8003394149459
ABHAYAPURI POLICE STATION,Bongaigaon,Assam,"Abhayapuri Main Road, Abhayapuri, Assam, 783384",9435027808,,26.3424367552835,90.6583231294303
Jogighopa Police Station,Bongaigaon,Assam,"Jogighopa New Police Station, NH 17, Boitamari, Bongaigaon District, Assam,783382 ",9435012365,,26.2382937376963,90.5766826358716
Mererchar Police Station,Bongaigaon,Assam,"Mererchar Police Station, Srijangram, Bongaigaon District, Assam, 783384",8638195311,,26.3186388433208,90.7798197873871
OUT POST SALABILA,Bongaigaon,Assam,"Salabila Nagribazar Road, Manikpur, Bongaigaon District, Assam, 783392",9957089139,,26.4505212369709,90.7698971711966
North Salmara Police Outpost,Bongaigaon,Assam,"9J8J+MF6, Kali Mandir Rd, Abhayapuri, Uttar Salmara Pt II, Assam 783383",7002559738,,26.3666668949960,90.6311576036723
Barpeta Police Station,Barpeta,Assam,"Barpeta Doulashal Hajo Road, Barpeta, Assam, 781301",9435021527,,26.3304395700867,91.0083761582925
Howly Police Station,Barpeta,Assam," Howli Police Station, Barpeta District, Howli, Assam, 781316",8474857860,,26.4279565886496,90.9688388681775
Barpeta Road Police Station,Barpeta,Assam,"Barpeta Rd, opp. Police Station, Maj Gaon, Majgaon, Barpeta Road, Assam 781315",9401227169,9706107169,26.4978861160727,90.9684946406962
Sorbhog Police Station,Barpeta,Assam,"Sorbhog Main Road, Sarbhog, Assam, 781317",9435025351,,26.4899596465739,90.8872871903540
Kalgachia Police Station,Barpeta,Assam,"Kalgachia, Barpeta District, Assam,781319",9954691659,,26.3560958549975,90.8700741253852
Tarabari Police Station,Barpeta,Assam,"744P+79H, Bahari, Assam 781302",9401600570,,26.2557103794977,91.1359965672446
BAGHBAR POLICE STATION,Barpeta,Assam,"Baghbor, Barpeta District, Assam, 781308",7577024283,,26.2134100009770,90.8524127412265
Patacharkuchi Police Station,Barpeta,Assam,"National Highway, Patacharkuchi, Barpeta, Assam, with the pin code 781326",9957510900,,26.5063806708343,91.2357345058185
Sarthebari Police Station,Barpeta,Assam,"96C2+JXW, Kurihar Pam, Assam 781307",9859966373,,26.3716366202322,91.2024334334648
Kachumara Police Station,Barpeta,Assam,"43W4+PXQ, Barpeta, Assam 781127",7002123541,,26.1468482167969,91.0574393435627
Bijni Police Station,Chirang,Assam,"Bijni Police Station, District Chirang, BTAD, Bijni, Assam, 783390 ",3668284642,,26.4964085471747,90.7047362683392
Dhaligaon Police Station,Chirang,Assam,"GM St, BGR Twp, Dhaligaon Pt, Assam 783385",3664241262,,26.5083470864498,90.5260780903555
Basugaon Police Station,Chirang,Assam,"FC79+XXW, Basugaon, Assam 783372",3661281226,,26.4650119748160,90.4199605162382
Sidli Police Station,Chirang,Assam,"GFP2+5XC, Namalpur, Assam 783373",3664294394,,26.5354642764577,90.4524010106075
Amguri Police Station,Chirang,Assam,"JHP9+WQJ, Amguri, Assam 783393",9957231564,,26.6373356314314,90.5694110389149
Runikhata Police Station,Chirang,Assam,"M9P6+FRP, Bhurpara, Assam 783375",3664294473,,26.6862227401909,90.3620635074720
Dhemaji Police Station,Dhemaji,Assam,"FHG7+P2J, Ram Nagar, Dhemaji, Assam 787057",9401961156,,27.4768310926138,94.5625279538771
Silapathar Police Station,Dhemaji,Assam,"Akajan Likabali Road, Silapathar, Assam, 787059",8638195991,,27.5860339976245,94.7262779862937
Jonai Police Station,Dhemaji,Assam,"R6FH+3XC, Gandhi Rd, No.3 Murkong Selek Part II, Jonai, Assam 787060",9085986866,,27.8227600410661,95.2299785923679
Gogamukh Police Station,Dhemaji,Assam,"Gogamukh - Dhakuakhana Rd, Gogamukh, Assam 787034",9613812816,,27.4350768793964,94.3128101264376
NHPC Gerukamukh Police Station,Dhemaji,Assam,"G7JW+WVG, Ananda Teenali - Pathalipam Rd, Dirpaisantipur Gaon, Assam 787035",9957793351,,27.5323312737187,94.2972126901865
Simen Chapori Police Station,Dhemaji,Assam,"PV9P+PH7, NH 52, Cheman, Simen Chapori, Assam 787061",9613834693,9435277302,27.7193047295912,94.8864243975318
Chengajan Police Station,Dhemaji,Assam,"HWW5+RXF, Assam 787061",6900417741,9854648046,27.5970757735190,94.9099061602576
Dibrugarh Police Station,Dibrugarh,Assam,"Thana Charyali Road, Khaliamari, Dibrugarh, Assam, 786001",3732329655,,27.4806949244860,94.9074157677926
Barboruah Police Station,Dibrugarh,Assam,"CV2J+J7V, At Road, Bor Baruah, Dibrugarh, Assam 786007",8486610086,,27.4016277408513,94.8806691736297
Moran Police Station,Dibrugarh,Assam,"5WM8+Q2W, Kushal Nagar, Moranhat Town, Assam 785670",3754226030,,27.1844920297423,94.9150646807809
Duliajan Police Station,Dibrugarh,Assam,"Jayanagar Rd, Central Namghar, Duliajan, Assam 786602",3742800554,,27.3540781180985,95.3160191130377
Tengakhat Police Station,Dibrugarh,Assam,"95Q9+J53, Tengakhat, Assam 786103",3732844438,,27.3890286872283,95.1680032464162
Namrup Police Station,Dibrugarh,Assam,"59R2+437, Namrup, Assam 786623",3742500308,,27.1902955139992,95.3501620824731
Lahowal Police Station,Dibrugarh,Assam,"F223+F9G, Lahoal - Duliajan Rd, Lahowal, Niz Lahoal, Assam 786010",3732381452,,27.4512105746914,95.0034553240174
Chabua Police Station,Dibrugarh,Assam,"F5QG+FQ3, MES tiniali, Chabua, Assam 786184",3732864523,,27.4885975446413,95.1769485994972
Nahrkatiya Police Station,Dibrugarh,Assam,"78PC+VX2, Prabhakar Rd, Naharkatia, Assam 786610",3742570072,,27.2871376625139,95.3223956400039
Tingkhong Police Station,Dibrugarh,Assam," Tingkhong, Dibrugarh District, Assam, 786612",374279797,,27.2316269361961,95.1729449082927
Haflong Police Station,Haflong,Assam,"5299+6JJ, Hagjer Nagar, Haflong, Assam 788819",3673236228,9435065548,25.1681520801363,93.0189988837065
Maibang Police Station,Haflong,Assam,"74XP+9RV, Maibang Nurses Colony, Maibang, Assam 788831",9435167371,,25.2985143261974,93.1370336103009
Langting Police station,Haflong,Assam,"G425+89R, Langting, Assam 788832",8135932871,,25.5008847223860,93.1084025454807
Diyungmukh Police Station,Haflong,Assam,"100, RyAn, Dayang Mukh, Assam 788931",8876403752,,25.8021016163425,92.9375511399407
Harangajao Police Station,Haflong,Assam,"4V55+X75, Assam 788818",9101597801,7896399442,25.1098509301678,92.8582555880311
Umrangshu Police Station,Haflong,Assam,"GP6R+PQJ, Umrangso, Assam 788931",9435065548,,25.5118886177324,92.7417976652451
Goalpara Police Station,Goalpara,Assam,"4JV7+669, Bhalukdubi, Assam 783101",9435093988,8473025703,26.1430191902336,90.6130961380434
Dudhnoi Police Station,Goalpara,Assam,"XQMM+75Q, NH-37, Dudhnoi, Assam 783124",9435171636,,25.9832174362709,90.7829736011631
Rangjuli Police Station,Goalpara,Assam,"XWCP+67Q, Rangjuli, Assam 783130",9706698806,7002013663,25.9706079998336,90.9357775404566
Dhupdhara Police station,Goalpara,Assam,"X352+X78, Dhupdhara, Assam 783123",9854364866,,25.9598666061859,91.0506832698564
Lakhipur Police Station,Goalpara,Assam,"28J2+VF7, Lakhipur, Assam 788126",7002559344,9401582096,26.0321432100535,90.3011500861153
Mornoi Police Station,Goalpara,Assam,"3PWQ+WPM, Mornoi, Assam 783101",9854380272,7002283163,26.0973719577843,90.7393369813666
Krishnai Police Station,Goalpara,Assam,"2MM6+RX6, National Highway 37, Krishnai, Assam 783126",9085474708,7002043991,26.0345621813597,90.6623577191075
Agia Police Station,Goalpara,Assam,"Agia, Agia Part-II, Goalpara, NH-17, Goalpara, Goalpara, Assam 783120",8403084267,7002082886,26.0877397830088,90.5623282644600
Golaghat Police Station,Golaghat,Assam,"GX6F+G7H, Thana Road, Golaghat, Assam 785621",9435126147,,26.5108699395456,93.9737818087072
Bokakhat Police Station,Golaghat,Assam,"JJR2+3FF, Assam Trunk Rd, Bokakhat, Assam 785612",9435204064,,26.6401985027836,93.6011928690982
Kamargaon Police Station,Golaghat,Assam,"JQP8+W5F, Assam Trunk Rd, Kamar Gaon, Numaligarh Pathar, Assam 785619",9954644352,,26.6373140404796,93.7654245151162
Dergaon Police Station,Golaghat,Assam,"PX5F+8J5, Narikalguri, Dergaon, Bongal Gaon, Assam 785614",9954576747,,26.7082782040927,93.9741010678467
Hailakandi Sadar Police Station,Hailakandi,Assam,"MHM5+2X5, Bashdahar, Hailakandi, Assam 788155",9954309026,,24.6825383500157,92.5599687578763
Katlicherra Police Station,Hailakandi,Assam,"FH65+X55, Katlicherra, Assam 788161",9435874966,,24.4623921271080,92.5579821656511
ALGAPUR POLICE STATION,Hailakandi,Assam,"QH4V+X85, Algapur Pt V, Hindustan Paper Corporation Ltd. To, Assam 788150",9954801493,,24.7573835233084,92.5933535550710
Lala Police Station,Hailakandi,Assam,"HJ75+MPJ, Lala Pt I, Assam 788163",9401429977,,24.5642274714986,92.6092658212235
Panchgram Police Station,Hailakandi,Assam,"VH8X+MJ4, National Highway 53, Panchgram, Assam 788802",9435374913,,24.8666412413048,92.5990615512882
Ramnathpur Police Station,Hailakandi,Assam,"Ramnathpur F.V., Assam 788162",9706787747,,24.2315448853649,92.5263255901220
"Police Station, Hamren",West Karbi- Anglong,Assam,"VH4R+P3X, Hamren, Assam 782486",9435139044,7636859588,25.8568745876269,92.5902276841067
BAITHALANGSO POLICE STATION,West Karbi- Anglong,Assam,"XHFX+57, West, Baithalangso, Assam 782450",9531177543,,25.9728718642340,92.5980827795692
Kheroni Police Station,West Karbi- Anglong,Assam,"RVXR+H99, Kheroni, Assam 782448",8812858560,9435180614,25.8489336870506,92.8909945200532
Zirikinding police station,West Karbi- Anglong,Assam,"MM8V+HW, Zirikinding, Assam 788931",9365000627,9859273736,25.6664505109918,92.6948128060353
Hojai Police Station,Hojai,Assam,"XVX2+PQX, Hojai, Assam 782435",6026900660,3674248100,25.9993610457018,92.8519705574368
Lumding police station,Hojai,Assam,"Q52G+X4R, Lumding, Assam 782447",3674255430,6026900663,25.7525112951178,93.1752603201102
Lanka Police Station,Hojai,Assam,"WX92+G8M, Nagaon Rd, Lankapatri, Lanka, Assam 782446",3674255430,6026900660,25.9189048177818,92.9509252170300
Murazar Police Station,Hojai,Assam,"Murajhar, Charenghi Pathar, Assam 782440",6026900664,,26.0659868366680,92.9813740573015
Jamunamukh police station,Hojai,Assam,"6W2Q+62W, Parokhuwa, Assam 782135",6026900660,,26.2006130025434,92.9375741139745
Doboka Police Station,Hojai,Assam,"4V66+R3C, Thana Rd, Doboka Town, Assam 782440",3674261433,6026900659,26.1120814532086,92.8601503687685
Diphu Police Station,Karbi-Anglong,Assam,"RCQH+XF7, Thana Road, P.H.E. Colony, Diphu, Assam 782460",3671272253,9957525919,25.8399211217223,93.4286682799881
Bokajan Police Station,Karbi-Anglong,Assam,"2QF9+VXC, Bokajan, Sukhanjan, Assam 782480",9435109891,,26.0246738914357,93.7699205551052
Howraghat Police station,Karbi-Anglong,Assam,"426M+8VJ, Howraghat, Assam 782481",8939140254,7002013848,26.1108537001863,93.0346393767294
Bakalia Police Station,Karbi-Anglong,Assam,"324, Irrigation Colony, Bokolia, Assam 782482",9954729261,,26.0525592168669,93.2012498698470
Barpathar Police Station,Karbi-Anglong,Assam,"7VJV+7RV, Ward Number 3, Kalyani Para, Barpathar, Assam 785602",7399965930,9435191518,26.2807310720744,93.8945571626573
Borlangfer Police Station,Karbi-Anglong,Assam,"Q64X+WRP, Khristan Basti, Assam 782447",8638526182,,25.7573511164868,93.2495931611187
Dillai Police Station,Karbi-Anglong,Assam,"XH5P+WQ2, Assam 782490",6001070054,8876705335,25.9597776079144,93.5868812263727
Manja Police Station,Karbi-Anglong,Assam,"XCCP+7MC, State Bank Colony, Manja, Assam 782461",8761833833,,25.9706868524869,93.4366765230440
Anjokpani Police Station,Karbi-Anglong,Assam,"F32J+H75, Lang Khang, Assam 782139",7002378078,,26.4514599656179,93.0807613674629
Deithor Police Station,Karbi-Anglong,Assam,"SH 35, Silonijan, Karbi Anglong District, Assam, 782490",9401154309,,26.5770644133190,93.7241330428209
Khatkhati Police Station,Karbi-Anglong,Assam,"XP3R+CF9, Khatkhati, Assam 782490",9435315100,,25.9535063522467,93.7411710046617
Dolamara Police Station,Karbi-Anglong,Assam,"Dolamara Police Station, SH 35, Silonijan, Karbi Anglong District, Assam, 782490",9401662753,7002323522,26.5783930657020,93.5546861603246
Chokihola Police Station,Karbi-Anglong,Assam,"Balijan Santilangso Road, Silonijan, Karbi Anglong District, Assam, 782475",9401235992,,26.4277716633691,93.7575039279371
"Police Station, Dokmoka",Karbi-Anglong,Assam,"1, AH1, Ward No-2, Dokmoka, Assam 782441",7002481021,,26.2102720032351,93.0553245047807
Rongmongve police station,Karbi-Anglong,Assam,"G7H7+J43, Unnamed Road, Jakhalabandha, Assam 782136",8011747603,,26.5290322268374,93.2628276517069
Karimganj Police Station,Karimganj,Assam,"Karimganj Town, Sribhumi, Assam 788710",7002045183,,24.8674621138819,92.3569143695522
Ratabari Police Station,Karimganj,Assam,"HC66+2W2, Ratabari Rd, Karimganj, Basattihal, Assam 788735",3843279229,8812928616,24.5600700240114,92.4122762578806
Badarpur Police Station,Karimganj,Assam,"VHC4+4V6, Chapra, Assam 788806",9435155216,,24.8702822714379,92.5571551960479
Patharkandi Police Station,Karimganj,Assam,"J848+585, Lakshmipur Rd, Patharkandi, Assam 788724",3843255429,9435109891,24.6054090386197,92.3158387266107
RAMKRISHNA NAGAR POLICE STATION,Karimganj,Assam,"HF98+C96, Ramkrishna Nagar, Kalinagar Pt II, Thana Rd, Guwahati, Assam 788166",9401699015,9957207648,24.5685949794983,92.4658820975417
Nilambazar Police Station,Karimganj,Assam,"P9X3+3WG, Nilambazar, Assam 788722",8812029507,,24.7476688509706,92.3548396658698
Bazaricherra police station,Karimganj,Assam,"C8Q9+W48, Bazaricherra, Assam 788727",8474020029,9435191518,24.4397990773406,92.3178242261807
Bagribari Police Station,Kokrajhar,Assam,"National Highway 31, Mahamaya Parbatjhora Road, Bogribari, Assam 783349",8811029075,,26.2031146338868,90.1329689154398
Fakiragram Police Station,Kokrajhar,Assam,"95CG+287, Gosaigaon - Chautara - Fakiragram Rd, Kharida Chandala II, Assam 783345",8811029072,,26.3700607799247,90.1759005882111
Kachugaon Police Station,Kokrajhar,Assam,"H38F+92C, Kachugaon F.V., Assam 783350",8811029074,,26.5659533820891,90.0725283315688
Dotma Police Station,Kokrajhar,Assam,"F48W+X4W, Dotma Main Road, Dotma Bazar, Nawarbhita, Assam 783347",8811029073,,26.4675099544789,90.1453144942557
Serfanguri Police Station,Kokrajhar,Assam,"H532+5WF, Kolobari, Assam 783346",8811029077,,26.5529607750940,90.1523540327799
Gossaigaon Police Station,Kokrajhar,Assam,"Ward No 2, DK Rd, dist, Gossaigaon, Assam 783360",8811029071,,26.4380551699839,89.9817238187246
Kazigaon Police Station,Kokrajhar,Assam,"6X6W+2P4, Kazigaon, Gambhira Khata Pt.I, Assam 783339",8811029076,,26.2100278279735,89.9968009531522
Kokrajhar Police Station,Kokrajhar,Assam,"National Highway 31, Vivekananda Path, Kokrajhar, 783370",8811029070,,26.3991163060202,90.2669838335512
North Lakhimpur Sadar Police Station, Lakhimpur,Assam,"64Q2+FHC, North Lakhimpur, Assam 787001",8812052020,,27.2386969713743,94.1013863249595
Dhakuakhana Police Station, Lakhimpur,Assam,"Ghilamara Butikur Road, Dhakuakhana, Assam, 787055",9401544900,,27.2027900110418,94.4434003237514
Bihpuria Police Station, Lakhimpur,Assam,"2W88+RM3, Bihpuria, Assam 784161",9678609007,,27.0170187106350,93.9166565142800
Laluk Police Station, Lakhimpur,Assam,"4WFQ+G3, Laluk, Assam 784160",8876442260,,27.1243383226616,93.9339122175506
Boginodi Police Station, Lakhimpur,Assam,"955J+QFP, Na-Ali Bhatia, Assam 787032",7896895705,,27.3595112659657,94.1812299549905
Ghilamara Police Station, Lakhimpur,Assam,"8C76+88J, Ghilamara 1/2, Assam 787053",9365417441,,27.3133550588477,94.4108389606510
Panigaon Police Station, Lakhimpur,Assam,"44X6+VCQ, Bakal, Assam 787052",9954760496,,27.1497406639316,94.1109324067344
Narayanpur Police Station, Lakhimpur,Assam,"Bor Khamti, Assam 784164",8876478890,,26.9629656041977,93.8642936372307
Majuli Police Station,Majuli,Assam,"W5V7+WW6, Kamalabari Chariali, Assam 785106",9678874151,,26.9447954002471,94.1647538711791
Garmur Police Station,Majuli,Assam,"P7W3+P3C, Garmur, Naosolia Gaon, Assam 785007",9435736660,,26.7468301671721,94.2526277083102
Dhakhi Majuli,Majuli,Assam,"QXPP+PRQ, Unnamed Road, Sawguri Miri, Assam 785703",9954641110,,26.7868484432155,93.9871159549288
Jengraimukh Police Station,Majuli,Assam,"Jengraimukh, Jengrai Miri Gaon, Assam 785105",3775272061,6901258388,27.0794930726263,94.2820691512754
Morigaon Police Station,Morigaon,Assam,"Telahi - Morigaon Road, Rajagaon, Morigaon, Assam, 782105",7002209903,,26.2505358130022,92.3408478595433
Jagiroad Police Station,Morigaon,Assam,"45CX+67Q, Jagiroad, Assam 782413",9954784774,,26.1206051607952,92.1982496295435
Mayong Police Station,Morigaon,Assam,"726P+W9F, Mayang, Assam 782411",9954713956,9101464525,26.2623251953998,92.0359344722814
Dharmtul Police Station,Morigaon,Assam,"59RJ+WR5, Dharamtul, Assam 782412",7002940398,,26.1922842531499,92.3821076352556
Laharighat Police Station,Morigaon,Assam,"C89R+VGR, Laharighat, Assam 782127",9954979550,,26.4197392123705,92.3412816451785
Mikirbheta Police Station,Morigaon,Assam,"8FG4+4C8, Thengkhali, Assam 782106",3678240238,9859152523,26.3253000129682,92.4560817863322
Moirabari Police Station,Morigaon,Assam,"FC3G+RX3, Moirabari, Tatikata Pathar, Assam 782126",9435063172,8812815498,26.4545409827273,92.4274328734695
Bhuragaon Police Station,Morigaon,Assam,"Passali, Bhuragaon, Bordooba Toop, Assam 782121",9435526655,,26.3888710656553,92.2292866494052
Bhelowguri Police Station,Morigaon,Assam,"F92C+M6H, Saulmari, Assam 782126",9954338694,,26.4516893780570,92.3705951625242
Nagaon Sadar Police Station,Nagaon,Assam,"8MWQ+F46, NH 36, Haibargaon, Daccapatty, Nagaon, Assam 782001",9435183044,,26.3461615943720,92.6877649981682
Jajori Police Station,Nagaon,Assam,"8HC8+84G, Jajori - Dhing Rd, Paghali, Jajari, Assam 782142",3672288456,9127187113,26.3208133897197,92.5653358367669
Kaliabor Police Station,Nagaon,Assam,"Kaliabor, Nagaon, NH-37, Assam Trunk Road, Nagaon, Nagaon, Assam 782137",3672276624,9435079375,26.5483935139049,92.9323801107369
Rupahihat Police Station,Nagaon,Assam,"CP7R+J94, Rupahi BhakatGaon, Near PNB Bank Rupahi PO-Rupahi, PS, Hat, Rupahi, Assam 782125",8638146237,,26.4140353481423,92.7409524618135
Juria Police Station,Nagaon,Assam,"CMR2+WHQ, Juria, Theo Tangani, Assam 782124",9435251811,8876361584,26.4423360564733,92.6514669126151
Khatowal Police Station,Nagaon,Assam,"CQ7X+7CR Nr Gaon Panchayat Office, PO, Niz Khatowal, Boranga Toli, Assam 782125",9577160893,,26.4129363596943,92.7987470784715
Samaguri Police Station,Nagaon,Assam,"CR7P+5X3, Assam Trunk Rd, Samaguri, Assam 782140",8811030620,8486540641,26.4128942015379,92.8374128958431
Raha Police Station,Nagaon,Assam,"6GHC+P8V, Raha Gaon, Garmari, Assam 782103",9435095234,,26.2293890988657,92.5207843657614
Dhing Police Station,Nagaon,Assam,"FF9F+R7H, Dhing Chariali, Dhing, Assam 782123",9435060728,,26.4695687813485,92.4732174898868
Kachua Police Station,Nagaon,Assam,"3JVX+55V, Kachua No.1, Kandapara, Assam 782426",9954931480,,26.0930001441069,92.6479168801477
Jakhalabandha Police Station,Nagaon,Assam,"HXMV+22R, Jakhalabandha, Assam 782136",8471835820,,26.5826525583419,92.9925264688748
Nalbari Police Station,Nalbari,Assam,"CCVP+9WQ, Nalbari-Hajo-Guwahati Road, Nalbari, Assam 781335",3624220445,7002213984,26.4434692411684,91.4373530311777
Belsor police station,Nalbari,Assam,"99Q3+F83, Belsor, Belshor, Assam 781304",9678538846,,26.3886538288008,91.3531928104419
Mukalmua Police Station,Nalbari,Assam,"79C2+M8Q, Mukalmua, Assam 781126",9101887419,,26.2717300463578,91.3508615507221
Ghograpar Police Station,Nalbari,Assam,"FG3F+HR9, Ghograpar, NH 31, Assam 781369",7002273254,,26.4539193581129,91.5247233362239
Tihu Police Station,Nalbari,Assam,"Tihu, Assam 781371",8638966183,,26.4768752154574,91.2690034880660
Bhangnamari police station,Nalbari,Assam,"686J+WG, Bhanganmari, Assam 781126",9957285211,,26.2122767121231,91.3313709914835
Sialmari Char Police Station,Nalbari,Assam,"59RJ+F86, Kurihamari, Assam 781126",9435288752,,26.1911268846240,91.3807117502283
Sadiya Police Station,Sadiya,Assam,"WQ78+HR8, Chapakhowa, Lakhimi Pathar, Assam 786157",6026901205,,27.9139281443295,95.7670831788478
Dholla Police Station,Sadiya,Assam,"QH2W+Q4G, Saikhoa Ghat, Assam 786154",6026901204,,27.7519040638973,95.5953307261280
Chengchap Police station,Sadiya,Assam,"RVX8+2FM, Unnamed Road, Adarsha Deori, Assam 786157",6026901206,,27.8475960255292,95.8661714302780
Saikhowaghat Police Station,Sadiya,Assam,"QMC6+VFF, Saikhowaghat khutipathar, Gulzar basti, Assam 786154",6026901208,,27.7721985300941,95.6611543466766
Sivasagar Police Station,Sivasagar,Assam,"Sibsagar Police Station, Sivasagar, Assam 785640",3772222923,9854030015,26.9823895782254,94.6266788654042
Gaurisagar Police Station,Sivasagar,Assam,"Gaurisagar, Phakum Kumar Phodia, Assam 785664",3772278317,9435245159,26.9471620326959,94.5359096039886
Halwating Police Station,Sivasagar,Assam,"QHG7+H5J, NH2, Baghjan Grant, Assam 785681",3772200116,9435038924,26.7764604629824,94.5628920858386
Gelakey Police Station,Sivasagar,Assam,"57 DSA, Gelakey, Assam 785696",3772250089,6000230078,26.8040570427826,94.6968414584000
Nazira police station,Sivasagar,Assam,"WP29+P22, Nazira, Assam 785685",3772252227,9957533160,26.9018160057668,94.7175842506953
Simaluguri Police Station,Sivasagar,Assam,"WPGW+CGJ, Borkola Gorh Gaon, Assam 785686",9678293067,7002604042,26.9260843769894,94.7462644842680
Demow Police Station,Sivasagar,Assam,"4PGR+874, Assam Trunk Rd, Demow, Assam 785662",9435033071,8638225150,27.1257704590661,94.7407135714333
Nemuguri Police Station,Sivasagar,Assam,"2QFM+735, Chutia Katani, Assam 785674",3772250834,9954390830,27.0231494337110,94.7827355946301
Namti Police Station,Sivasagar,Assam,"VMM3+3VC, Abhoipuria, Assam 785684",3772294642,8720995570,26.8827190774332,94.6546526999732
Bihubor Police Station,Sivasagar,Assam,"RRM3+9QQ, Owguri Jan, Assam 785687",3772229945,7399138808,26.8334885862933,94.8044831688880
Tezpur Sadar Thana,Sonitpur,Assam,"JQFW+7QX, Mahabhairab, Tezpur, Assam 784001",9365102627,9435713833,26.6232349105667,92.7969846467677
Rangapara Police Station,Sonitpur,Assam,"RMGP+7F9, Rangapara, No.1 Thakurbari T.E., Assam 784505",9365110082,9435030057,26.8256881541768,92.6862817050137
Missamari Police Station,Sonitpur,Assam,"QHWG+98M, Nij-Garubandha, Assam 784506",6001414593,8812008006,26.7959696417035,92.5757937368876
Dhekiajuli Police Station,Sonitpur,Assam,"PF3J+GJJ, Dhekiajuli, Assam 784110",9101253390,9435144488,26.7038504125726,92.4815238299321
Thelamara police station,Sonitpur,Assam,"MHW5+HC6, Thelamar Ruhinibill Rd, No.3 Ranga Gara Bil Gaon, Assam 784149",9101995434,,26.6964255845943,92.5584937184626
Chariduar Police Station,Sonitpur,Assam,"VQ4H+JMH, Chariduar, Dhekeri Gaon, Assam 784101",8638082934,8011636966,26.8565717780474,92.7792286656404
Mankachar Police Station,South Salmara,Assam,"GVP6+FR8, near J.M High Secondary school, Mankachar, Assam 783131",7002013663,,25.5361642774870,89.8621375992835
South Salmara Police Station,South Salmara,Assam,"Salmara Pt.II, Hatsingimari, Assam 783136",7002113809,,25.7239520025889,89.8999672812480
Fakirganj Police Station,South Salmara,Assam,"X33C+WM7, Sunderpara Pt.IV, Assam 783330",9365426201,,25.9548060459708,90.0717102145537
Sukchar Police station,South Salmara,Assam,"QW82+XPC, Sukchar to hazirhate Road, Assam 783128",9678894573,,25.7675070304943,89.9016717579423
 Tinsukia Police station,Tinsukia,Assam,"F9Q4+4PG, Tinsukia, Assam 786125",6026901080,,27.4878146329126,95.3568182044111
Doomdooma Police Station,Tinsukia,Assam,"HH94+28P, Doom Dooma, Assam 786151",6026901083,,27.5676111642166,95.5558365167372
Digboi Police Station,Tinsukia,Assam,"9JRF+34R, IOCL Rd, Digboi, Assam 786171",6026901088,,27.3902373927075,95.6227694510476
MARGHERITA POLICE STATION,Tinsukia,Assam,"Police Station, Thana Road, Margherita, Assam 786181",6026901091,,27.2896123994043,95.6661248695942
Lekhapani Police Station,Tinsukia,Assam,"8RMX+F46, NH 153, Tipong, Lekhapani Nadi Kash, Assam 786179",6026901092,,27.3336910952837,95.8477625053690
Makum Police Station,Tinsukia,Assam,"FCQV+CGF, Barekuri, Thana Road, Makum, Assam 786170",3742345557,6026901082,27.4920714959168,95.4426889527442
Kakopathar Police Station,Tinsukia,Assam,"JMM5+3PR, Kakopathar, Assam 786152",3759243527,6026901085,27.6327502174267,95.6592728197469
Pengeri Police Station,Tinsukia,Assam,"CQP3+Q9W, Pengeri Garh N.C., Assam 786174",6026901089,,27.4370060573688,95.7534511734887
Bordubi Police station,Tinsukia,Assam,"98X6+3QH, Tinsukia-Duliajan Rd, Bordubi, Assam 786601",6026901081,,27.3977049490116,95.3119754152494
Bordumsa Police Station,Tinsukia,Assam,"GV6F+P7M, Bordumsa, Assam 786174",6026901090,,27.5118437928241,95.8731701325042
Barekuri Police station,Tinsukia,Assam,"H97X+RQQ, Purani Motapung No-1, Purani Motapung No-4, Assam 786170",6026901096,,27.5645889031148,95.3994755500525
PHILLOBARI POLICE STATION,Tinsukia,Assam,"HP22+XH9, Borgaon, Phillobari, Assam 786160",6026901084,,27.5524156560678,95.7014694304596
Tongana Police Stations,Tinsukia,Assam,"JPFM+663, Tangana T.E. No-114 Wla., Assam 786152",6026901094,,27.6230342238562,95.7330254147070
Baghjan Police Stations,Tinsukia,Assam,"HCVM+7HM, PS, Baghjan T.E. 351/352, Diamuli T.E. 181 Wl., Assam 786147",9707471235,,27.5932220531777,95.4339313793392
Mazbat Police Station,Udalguri,Assam,"Q7XR+8FM, Mazbat, Assam 784507",3711246227,,26.7984028767702,92.2911680767469
Udalguri Police Station,Udalguri,Assam,"P3XW+PQP, Rowta-Udalguri Rd, Ram Janaki Chowk, Udalguri, Assam 784509",8822477298,,26.7493363343795,92.0969591307935
Paneri Police Station,Udalguri,Assam,"Post Office, Near, Tangla-Udalguri Rd, Paneri, Assam 784523",3711242285,,26.7298708818513,91.9137543347718
Khoirabari Police Station,Udalguri,Assam,"JR29+C77, Borbali Sitha, Assam 784522",3711224425,,26.6010274939244,91.8181680291827
Tangla Police Station,Udalguri,Assam,"MW47+3WH, Tangla Thana Rd, Tangla, Assam 784521",3711255488,,26.6552081821094,91.9147527278739
Kalaigaon Police Station,Udalguri,Assam,"HXGF+38P, MB Road, Kalaigaon, Kalaigaon Town, Assam 784525",9435478139,,26.5752302481650,91.9733184712883
Orang Police Station,Udalguri,Assam,"52, National Highway, near the junction, Orang, Assam 784114",8638566672,,26.6987877996007,92.3316429293397
Rowta Police Station,Udalguri,Assam,"P622+W42, Hatigarh, Rowta, Assam 784514",3711224425,,26.7022868435040,92.2002519431495
Harisinga Police Station,Udalguri,Assam,"PXHP+GHQ, Harisinga, Assam 784510",3711234201,,26.7288598001670,91.9864815465783
Dimakuchi Police Station,Udalguri,Assam,"PRVC+6G7, Dimakuchi, Assam 784526",9814870088,,26.7430560082476,91.8212826457840
